Datetime|Open|High|Low|Close|Volume|Dividends|Stock Splits|Capital Gains
2024-11-26 09:30:00-05:00|55.9900016784668|56.0|55.9900016784668|55.9900016784668|0|0.0|0.0|0.0
2024-11-26 09:54:00-05:00|55.97999954223633|55.97999954223633|55.97999954223633|55.97999954223633|172|0.0|0.0|0.0
2024-11-26 10:00:00-05:00|56.0|56.0|56.0|56.0|222|0.0|0.0|0.0
2024-11-26 10:19:00-05:00|55.91999816894531|55.91999816894531|55.91999816894531|55.91999816894531|634|0.0|0.0|0.0
2024-11-26 10:42:00-05:00|56.0|56.0|56.0|56.0|150|0.0|0.0|0.0
2024-11-26 10:51:00-05:00|56.0|56.0|56.0|56.0|203|0.0|0.0|0.0
2024-11-26 11:14:00-05:00|55.9900016784668|55.9900016784668|55.9900016784668|55.9900016784668|100|0.0|0.0|0.0
2024-11-26 11:17:00-05:00|55.9900016784668|55.9900016784668|55.9900016784668|55.9900016784668|100|0.0|0.0|0.0
2024-11-26 11:26:00-05:00|56.060001373291016|56.060001373291016|56.060001373291016|56.060001373291016|341|0.0|0.0|0.0
2024-11-26 11:53:00-05:00|56.06999969482422|56.06999969482422|56.06999969482422|56.06999969482422|200|0.0|0.0|0.0
2024-11-26 12:06:00-05:00|55.97999954223633|55.97999954223633|55.97999954223633|55.97999954223633|300|0.0|0.0|0.0
2024-11-26 12:07:00-05:00|55.97999954223633|55.9900016784668|55.97999954223633|55.9900016784668|200|0.0|0.0|0.0
2024-11-26 12:14:00-05:00|55.970001220703125|55.970001220703125|55.970001220703125|55.970001220703125|100|0.0|0.0|0.0
2024-11-26 12:23:00-05:00|56.029998779296875|56.040000915527344|56.029998779296875|56.040000915527344|300|0.0|0.0|0.0
2024-11-26 12:28:00-05:00|56.029998779296875|56.029998779296875|56.029998779296875|56.029998779296875|100|0.0|0.0|0.0
2024-11-26 12:32:00-05:00|56.08000183105469|56.08000183105469|56.08000183105469|56.08000183105469|100|0.0|0.0|0.0
2024-11-26 12:35:00-05:00|56.09000015258789|56.09000015258789|56.08000183105469|56.08000183105469|800|0.0|0.0|0.0
2024-11-26 12:41:00-05:00|56.099998474121094|56.099998474121094|56.099998474121094|56.099998474121094|1400|0.0|0.0|0.0
2024-11-26 12:44:00-05:00|56.099998474121094|56.099998474121094|56.099998474121094|56.099998474121094|400|0.0|0.0|0.0
2024-11-26 13:10:00-05:00|56.029998779296875|56.029998779296875|56.029998779296875|56.029998779296875|600|0.0|0.0|0.0
2024-11-26 13:33:00-05:00|56.0|56.02000045776367|56.0|56.02000045776367|474|0.0|0.0|0.0
2024-11-26 13:49:00-05:00|56.029998779296875|56.029998779296875|56.029998779296875|56.029998779296875|100|0.0|0.0|0.0
2024-11-26 13:59:00-05:00|56.08000183105469|56.08000183105469|56.08000183105469|56.08000183105469|1200|0.0|0.0|0.0
2024-11-26 14:11:00-05:00|56.029998779296875|56.029998779296875|56.029998779296875|56.029998779296875|118|0.0|0.0|0.0
2024-11-26 14:29:00-05:00|56.06999969482422|56.06999969482422|56.06999969482422|56.06999969482422|2810|0.0|0.0|0.0
2024-11-26 15:12:00-05:00|56.15999984741211|56.15999984741211|56.15999984741211|56.15999984741211|700|0.0|0.0|0.0
2024-11-26 15:13:00-05:00|56.154998779296875|56.154998779296875|56.154998779296875|56.154998779296875|201|0.0|0.0|0.0
2024-11-26 15:42:00-05:00|56.20000076293945|56.20000076293945|56.20000076293945|56.20000076293945|150|0.0|0.0|0.0
2024-11-26 15:56:00-05:00|56.20000076293945|56.20000076293945|56.20000076293945|56.20000076293945|100|0.0|0.0|0.0
2024-11-26 15:59:00-05:00|56.189998626708984|56.189998626708984|56.189998626708984|56.189998626708984|100|0.0|0.0|0.0
2024-11-27 09:30:00-05:00|56.20000076293945|56.20000076293945|56.20000076293945|56.20000076293945|0|0.0|0.0|0.0
2024-11-27 09:47:00-05:00|56.380001068115234|56.380001068115234|56.380001068115234|56.380001068115234|188|0.0|0.0|0.0
2024-11-27 10:01:00-05:00|56.38999938964844|56.38999938964844|56.38999938964844|56.38999938964844|100|0.0|0.0|0.0
2024-11-27 10:05:00-05:00|56.380001068115234|56.380001068115234|56.380001068115234|56.380001068115234|100|0.0|0.0|0.0
2024-11-27 10:13:00-05:00|56.400001525878906|56.400001525878906|56.400001525878906|56.400001525878906|343|0.0|0.0|0.0
2024-11-27 10:31:00-05:00|56.33000183105469|56.33000183105469|56.33000183105469|56.33000183105469|100|0.0|0.0|0.0
2024-11-27 10:42:00-05:00|56.34000015258789|56.34000015258789|56.34000015258789|56.34000015258789|200|0.0|0.0|0.0
2024-11-27 10:47:00-05:00|56.349998474121094|56.349998474121094|56.349998474121094|56.349998474121094|300|0.0|0.0|0.0
2024-11-27 10:49:00-05:00|56.36000061035156|56.36000061035156|56.36000061035156|56.36000061035156|780|0.0|0.0|0.0
2024-11-27 10:52:00-05:00|56.33000183105469|56.33000183105469|56.33000183105469|56.33000183105469|900|0.0|0.0|0.0
2024-11-27 10:54:00-05:00|56.33000183105469|56.33000183105469|56.33000183105469|56.33000183105469|555|0.0|0.0|0.0
2024-11-27 11:15:00-05:00|56.36000061035156|56.36000061035156|56.36000061035156|56.36000061035156|100|0.0|0.0|0.0
2024-11-27 11:32:00-05:00|56.380001068115234|56.380001068115234|56.380001068115234|56.380001068115234|103|0.0|0.0|0.0
2024-11-27 12:11:00-05:00|56.279998779296875|56.290000915527344|56.279998779296875|56.290000915527344|400|0.0|0.0|0.0
2024-11-27 12:45:00-05:00|56.279998779296875|56.279998779296875|56.279998779296875|56.279998779296875|200|0.0|0.0|0.0
2024-11-27 12:47:00-05:00|56.290000915527344|56.290000915527344|56.290000915527344|56.290000915527344|300|0.0|0.0|0.0
2024-11-27 13:38:00-05:00|56.31999969482422|56.31999969482422|56.31999969482422|56.31999969482422|202|0.0|0.0|0.0
2024-11-27 14:02:00-05:00|56.36000061035156|56.369998931884766|56.36000061035156|56.369998931884766|7200|0.0|0.0|0.0
2024-11-27 14:07:00-05:00|56.369998931884766|56.369998931884766|56.369998931884766|56.369998931884766|1107|0.0|0.0|0.0
2024-11-27 15:26:00-05:00|56.349998474121094|56.349998474121094|56.349998474121094|56.349998474121094|100|0.0|0.0|0.0
2024-11-27 15:28:00-05:00|56.36000061035156|56.36000061035156|56.36000061035156|56.36000061035156|160|0.0|0.0|0.0
2024-11-27 15:32:00-05:00|56.34000015258789|56.34000015258789|56.34000015258789|56.34000015258789|300|0.0|0.0|0.0
2024-11-27 15:33:00-05:00|56.33000183105469|56.33000183105469|56.33000183105469|56.33000183105469|100|0.0|0.0|0.0
2024-11-27 15:39:00-05:00|56.33000183105469|56.33000183105469|56.33000183105469|56.33000183105469|902|0.0|0.0|0.0
2024-11-27 15:50:00-05:00|56.369998931884766|56.369998931884766|56.369998931884766|56.369998931884766|100|0.0|0.0|0.0
2024-11-28 09:30:00-05:00|56.43000030517578|56.43000030517578|56.43000030517578|56.43000030517578|0|0.0|0.0|0.0
2024-11-28 11:34:00-05:00|56.54999923706055|56.54999923706055|56.54999923706055|56.54999923706055|200|0.0|0.0|0.0
2024-11-28 11:35:00-05:00|56.54499816894531|56.54499816894531|56.54499816894531|56.54499816894531|134|0.0|0.0|0.0
2024-11-28 13:17:00-05:00|56.560001373291016|56.560001373291016|56.560001373291016|56.560001373291016|253|0.0|0.0|0.0
2024-11-28 15:33:00-05:00|56.47999954223633|56.47999954223633|56.47999954223633|56.47999954223633|202|0.0|0.0|0.0
2024-11-28 15:46:00-05:00|56.52000045776367|56.52000045776367|56.52000045776367|56.52000045776367|600|0.0|0.0|0.0
2024-11-28 15:50:00-05:00|56.47999954223633|56.47999954223633|56.47999954223633|56.47999954223633|100|0.0|0.0|0.0
2024-11-28 15:59:00-05:00|56.54999923706055|56.54999923706055|56.54999923706055|56.54999923706055|100|0.0|0.0|0.0
2024-11-29 09:30:00-05:00|56.38999938964844|56.38999938964844|56.38999938964844|56.38999938964844|991|0.0|0.0|0.0
2024-11-29 09:36:00-05:00|56.630001068115234|56.630001068115234|56.630001068115234|56.630001068115234|100|0.0|0.0|0.0
2024-11-29 10:48:00-05:00|56.65999984741211|56.65999984741211|56.65999984741211|56.65999984741211|600|0.0|0.0|0.0
2024-11-29 10:49:00-05:00|56.65999984741211|56.65999984741211|56.65999984741211|56.65999984741211|100|0.0|0.0|0.0
2024-11-29 10:51:00-05:00|56.65999984741211|56.65999984741211|56.65999984741211|56.65999984741211|161|0.0|0.0|0.0
2024-11-29 10:56:00-05:00|56.630001068115234|56.630001068115234|56.630001068115234|56.630001068115234|184|0.0|0.0|0.0
2024-11-29 11:12:00-05:00|56.599998474121094|56.599998474121094|56.599998474121094|56.599998474121094|300|0.0|0.0|0.0
2024-11-29 11:14:00-05:00|56.650001525878906|56.650001525878906|56.650001525878906|56.650001525878906|700|0.0|0.0|0.0
2024-11-29 11:15:00-05:00|56.650001525878906|56.650001525878906|56.650001525878906|56.650001525878906|6832|0.0|0.0|0.0
2024-11-29 12:06:00-05:00|56.66999816894531|56.68000030517578|56.66999816894531|56.68000030517578|700|0.0|0.0|0.0
2024-11-29 12:15:00-05:00|56.68000030517578|56.68000030517578|56.68000030517578|56.68000030517578|400|0.0|0.0|0.0
2024-11-29 12:22:00-05:00|56.709999084472656|56.709999084472656|56.709999084472656|56.709999084472656|376|0.0|0.0|0.0
2024-11-29 12:32:00-05:00|56.66999816894531|56.66999816894531|56.66999816894531|56.66999816894531|200|0.0|0.0|0.0
2024-11-29 12:50:00-05:00|56.66999816894531|56.66999816894531|56.66999816894531|56.66999816894531|244|0.0|0.0|0.0
2024-11-29 12:59:00-05:00|56.689998626708984|56.689998626708984|56.689998626708984|56.689998626708984|6600|0.0|0.0|0.0
2024-11-29 13:00:00-05:00|56.689998626708984|56.689998626708984|56.689998626708984|56.689998626708984|600|0.0|0.0|0.0
2024-11-29 13:07:00-05:00|56.66999816894531|56.66999816894531|56.66999816894531|56.66999816894531|442|0.0|0.0|0.0
2024-11-29 13:12:00-05:00|56.689998626708984|56.689998626708984|56.689998626708984|56.689998626708984|199|0.0|0.0|0.0
2024-11-29 13:18:00-05:00|56.720001220703125|56.720001220703125|56.720001220703125|56.720001220703125|1308|0.0|0.0|0.0
2024-11-29 13:33:00-05:00|56.720001220703125|56.720001220703125|56.720001220703125|56.720001220703125|425|0.0|0.0|0.0
2024-11-29 14:35:00-05:00|56.70000076293945|56.70000076293945|56.70000076293945|56.70000076293945|1512|0.0|0.0|0.0
2024-11-29 15:02:00-05:00|56.72999954223633|56.72999954223633|56.72999954223633|56.72999954223633|101|0.0|0.0|0.0
2024-11-29 15:12:00-05:00|56.709999084472656|56.709999084472656|56.709999084472656|56.709999084472656|362|0.0|0.0|0.0
2024-11-29 15:27:00-05:00|56.709999084472656|56.709999084472656|56.709999084472656|56.709999084472656|101|0.0|0.0|0.0
2024-11-29 15:39:00-05:00|56.66999816894531|56.66999816894531|56.66999816894531|56.66999816894531|100|0.0|0.0|0.0
2024-11-29 15:40:00-05:00|56.689998626708984|56.689998626708984|56.689998626708984|56.689998626708984|100|0.0|0.0|0.0
2024-11-29 15:50:00-05:00|56.7400016784668|56.7599983215332|56.7400016784668|56.75|5820|0.0|0.0|0.0
2024-11-29 15:51:00-05:00|56.79999923706055|56.79999923706055|56.79999923706055|56.79999923706055|300|0.0|0.0|0.0
2024-11-29 15:59:00-05:00|56.72999954223633|56.72999954223633|56.72999954223633|56.72999954223633|600|0.0|0.0|0.0
2024-12-02 09:30:00-05:00|56.84000015258789|56.84000015258789|56.84000015258789|56.84000015258789|0|0.0|0.0|0.0
2024-12-02 09:31:00-05:00|56.900001525878906|56.900001525878906|56.900001525878906|56.900001525878906|308|0.0|0.0|0.0
2024-12-02 09:33:00-05:00|56.75|56.75|56.75|56.75|1049|0.0|0.0|0.0
2024-12-02 09:34:00-05:00|56.72999954223633|56.72999954223633|56.72999954223633|56.72999954223633|100|0.0|0.0|0.0
2024-12-02 09:35:00-05:00|56.70000076293945|56.70000076293945|56.70000076293945|56.70000076293945|135|0.0|0.0|0.0
2024-12-02 09:38:00-05:00|56.65999984741211|56.65999984741211|56.65999984741211|56.65999984741211|101|0.0|0.0|0.0
2024-12-02 09:56:00-05:00|56.599998474121094|56.599998474121094|56.599998474121094|56.599998474121094|163|0.0|0.0|0.0
2024-12-02 10:01:00-05:00|56.529998779296875|56.54999923706055|56.529998779296875|56.54999923706055|300|0.0|0.0|0.0
2024-12-02 10:02:00-05:00|56.5|56.5|56.5|56.5|307|0.0|0.0|0.0
2024-12-02 10:10:00-05:00|56.38999938964844|56.38999938964844|56.38999938964844|56.38999938964844|300|0.0|0.0|0.0
2024-12-02 10:11:00-05:00|56.45000076293945|56.45000076293945|56.45000076293945|56.45000076293945|100|0.0|0.0|0.0
2024-12-02 10:12:00-05:00|56.45000076293945|56.45000076293945|56.45000076293945|56.45000076293945|202|0.0|0.0|0.0
2024-12-02 10:30:00-05:00|56.45000076293945|56.45000076293945|56.45000076293945|56.45000076293945|194|0.0|0.0|0.0
2024-12-02 11:05:00-05:00|56.43000030517578|56.43000030517578|56.43000030517578|56.43000030517578|0|0.0|0.0|0.0
2024-12-02 11:11:00-05:00|56.48500061035156|56.48500061035156|56.48500061035156|56.48500061035156|9137|0.0|0.0|0.0
2024-12-02 11:36:00-05:00|56.5|56.5|56.5|56.5|100|0.0|0.0|0.0
2024-12-02 11:37:00-05:00|56.470001220703125|56.470001220703125|56.470001220703125|56.470001220703125|805|0.0|0.0|0.0
2024-12-02 11:53:00-05:00|56.470001220703125|56.470001220703125|56.470001220703125|56.470001220703125|3087|0.0|0.0|0.0
2024-12-02 11:56:00-05:00|56.45000076293945|56.45000076293945|56.45000076293945|56.45000076293945|809|0.0|0.0|0.0
2024-12-02 12:17:00-05:00|56.470001220703125|56.5099983215332|56.470001220703125|56.5099983215332|500|0.0|0.0|0.0
2024-12-02 12:31:00-05:00|56.4900016784668|56.4900016784668|56.4900016784668|56.4900016784668|100|0.0|0.0|0.0
2024-12-02 12:40:00-05:00|56.52000045776367|56.52000045776367|56.52000045776367|56.52000045776367|200|0.0|0.0|0.0
2024-12-02 12:43:00-05:00|56.4900016784668|56.4900016784668|56.4900016784668|56.4900016784668|200|0.0|0.0|0.0
2024-12-02 12:46:00-05:00|56.540000915527344|56.540000915527344|56.540000915527344|56.540000915527344|807|0.0|0.0|0.0
2024-12-02 13:07:00-05:00|56.52000045776367|56.52000045776367|56.52000045776367|56.52000045776367|100|0.0|0.0|0.0
2024-12-02 13:12:00-05:00|56.54999923706055|56.54999923706055|56.54999923706055|56.54999923706055|100|0.0|0.0|0.0
2024-12-02 13:19:00-05:00|56.5099983215332|56.5099983215332|56.5099983215332|56.5099983215332|1000|0.0|0.0|0.0
2024-12-02 13:28:00-05:00|56.54999923706055|56.54999923706055|56.54999923706055|56.54999923706055|125|0.0|0.0|0.0
2024-12-02 13:33:00-05:00|56.560001373291016|56.560001373291016|56.560001373291016|56.560001373291016|300|0.0|0.0|0.0
2024-12-02 13:34:00-05:00|56.560001373291016|56.560001373291016|56.560001373291016|56.560001373291016|200|0.0|0.0|0.0
2024-12-02 13:48:00-05:00|56.61000061035156|56.61000061035156|56.61000061035156|56.61000061035156|100|0.0|0.0|0.0
2024-12-02 14:08:00-05:00|56.630001068115234|56.630001068115234|56.630001068115234|56.630001068115234|214|0.0|0.0|0.0
2024-12-02 14:27:00-05:00|56.619998931884766|56.619998931884766|56.619998931884766|56.619998931884766|531|0.0|0.0|0.0
2024-12-02 14:44:00-05:00|56.68000030517578|56.68000030517578|56.68000030517578|56.68000030517578|100|0.0|0.0|0.0
2024-12-02 14:45:00-05:00|56.66999816894531|56.66999816894531|56.66999816894531|56.66999816894531|324|0.0|0.0|0.0
2024-12-02 15:35:00-05:00|56.63999938964844|56.63999938964844|56.630001068115234|56.630001068115234|900|0.0|0.0|0.0
2024-12-02 15:44:00-05:00|56.63999938964844|56.63999938964844|56.63999938964844|56.63999938964844|500|0.0|0.0|0.0
2024-12-02 15:50:00-05:00|56.66999816894531|56.66999816894531|56.66999816894531|56.66999816894531|100|0.0|0.0|0.0
2024-12-03 09:30:00-05:00|56.709999084472656|56.79999923706055|56.709999084472656|56.79999923706055|0|0.0|0.0|0.0
2024-12-03 09:35:00-05:00|56.779998779296875|56.779998779296875|56.779998779296875|56.779998779296875|387|0.0|0.0|0.0
2024-12-03 09:38:00-05:00|56.689998626708984|56.689998626708984|56.689998626708984|56.689998626708984|297|0.0|0.0|0.0
2024-12-03 10:02:00-05:00|56.63999938964844|56.63999938964844|56.63999938964844|56.63999938964844|100|0.0|0.0|0.0
2024-12-03 10:33:00-05:00|56.599998474121094|56.599998474121094|56.599998474121094|56.599998474121094|100|0.0|0.0|0.0
2024-12-03 10:59:00-05:00|56.61000061035156|56.61000061035156|56.61000061035156|56.61000061035156|163|0.0|0.0|0.0
2024-12-03 11:31:00-05:00|56.689998626708984|56.689998626708984|56.689998626708984|56.689998626708984|200|0.0|0.0|0.0
2024-12-03 11:34:00-05:00|56.66999816894531|56.66999816894531|56.66999816894531|56.66999816894531|696|0.0|0.0|0.0
2024-12-03 11:47:00-05:00|56.59000015258789|56.59000015258789|56.59000015258789|56.59000015258789|8880|0.0|0.0|0.0
2024-12-03 12:49:00-05:00|56.720001220703125|56.720001220703125|56.720001220703125|56.720001220703125|100|0.0|0.0|0.0
2024-12-03 13:02:00-05:00|56.75|56.75|56.75|56.75|100|0.0|0.0|0.0
2024-12-03 13:21:00-05:00|56.7400016784668|56.75|56.7400016784668|56.75|1101|0.0|0.0|0.0
2024-12-03 13:42:00-05:00|56.70000076293945|56.70000076293945|56.70000076293945|56.70000076293945|200|0.0|0.0|0.0
2024-12-03 13:55:00-05:00|56.68000030517578|56.68000030517578|56.68000030517578|56.68000030517578|1200|0.0|0.0|0.0
2024-12-03 14:04:00-05:00|56.63999938964844|56.63999938964844|56.630001068115234|56.630001068115234|300|0.0|0.0|0.0
2024-12-03 14:59:00-05:00|56.63999938964844|56.63999938964844|56.63999938964844|56.63999938964844|900|0.0|0.0|0.0
2024-12-03 15:00:00-05:00|56.630001068115234|56.630001068115234|56.630001068115234|56.630001068115234|5200|0.0|0.0|0.0
2024-12-03 15:02:00-05:00|56.650001525878906|56.650001525878906|56.650001525878906|56.650001525878906|100|0.0|0.0|0.0
2024-12-03 15:39:00-05:00|56.63999938964844|56.63999938964844|56.63999938964844|56.63999938964844|400|0.0|0.0|0.0
2024-12-03 15:40:00-05:00|56.630001068115234|56.630001068115234|56.630001068115234|56.630001068115234|100|0.0|0.0|0.0
2024-12-03 15:42:00-05:00|56.630001068115234|56.630001068115234|56.630001068115234|56.630001068115234|406|0.0|0.0|0.0
2024-12-03 15:50:00-05:00|56.70000076293945|56.70000076293945|56.68000030517578|56.68000030517578|900|0.0|0.0|0.0
2024-12-03 15:59:00-05:00|56.63999938964844|56.68000030517578|56.63999938964844|56.68000030517578|1700|0.0|0.0|0.0
2024-12-04 09:30:00-05:00|56.72999954223633|56.75|56.72999954223633|56.75|0|0.0|0.0|0.0
2024-12-04 09:36:00-05:00|56.869998931884766|56.869998931884766|56.869998931884766|56.869998931884766|200|0.0|0.0|0.0
2024-12-04 09:50:00-05:00|56.79999923706055|56.79999923706055|56.79999923706055|56.79999923706055|542|0.0|0.0|0.0
2024-12-04 10:05:00-05:00|56.70000076293945|56.70000076293945|56.70000076293945|56.70000076293945|300|0.0|0.0|0.0
2024-12-04 10:20:00-05:00|56.709999084472656|56.709999084472656|56.709999084472656|56.709999084472656|100|0.0|0.0|0.0
2024-12-04 10:26:00-05:00|56.744998931884766|56.744998931884766|56.7400016784668|56.7400016784668|200|0.0|0.0|0.0
2024-12-04 10:28:00-05:00|56.75|56.75|56.75|56.75|1900|0.0|0.0|0.0
2024-12-04 10:34:00-05:00|56.72999954223633|56.72999954223633|56.72999954223633|56.72999954223633|300|0.0|0.0|0.0
2024-12-04 10:35:00-05:00|56.7400016784668|56.7400016784668|56.7400016784668|56.7400016784668|300|0.0|0.0|0.0
2024-12-04 10:51:00-05:00|56.66999816894531|56.66999816894531|56.66999816894531|56.66999816894531|104|0.0|0.0|0.0
2024-12-04 10:54:00-05:00|56.709999084472656|56.709999084472656|56.709999084472656|56.709999084472656|700|0.0|0.0|0.0
2024-12-04 11:06:00-05:00|56.709999084472656|56.709999084472656|56.709999084472656|56.709999084472656|1700|0.0|0.0|0.0
2024-12-04 11:15:00-05:00|56.689998626708984|56.689998626708984|56.689998626708984|56.689998626708984|419|0.0|0.0|0.0
2024-12-04 11:17:00-05:00|56.689998626708984|56.689998626708984|56.689998626708984|56.689998626708984|596|0.0|0.0|0.0
2024-12-04 11:59:00-05:00|56.7599983215332|56.7599983215332|56.7599983215332|56.7599983215332|2500|0.0|0.0|0.0
2024-12-04 12:07:00-05:00|56.79999923706055|56.79999923706055|56.79999923706055|56.79999923706055|400|0.0|0.0|0.0
2024-12-04 12:27:00-05:00|56.689998626708984|56.689998626708984|56.689998626708984|56.689998626708984|100|0.0|0.0|0.0
2024-12-04 12:30:00-05:00|56.650001525878906|56.650001525878906|56.650001525878906|56.650001525878906|104|0.0|0.0|0.0
2024-12-04 12:35:00-05:00|56.650001525878906|56.650001525878906|56.650001525878906|56.650001525878906|483|0.0|0.0|0.0
2024-12-04 13:30:00-05:00|56.560001373291016|56.560001373291016|56.560001373291016|56.560001373291016|202|0.0|0.0|0.0
2024-12-04 13:37:00-05:00|56.56999969482422|56.56999969482422|56.56999969482422|56.56999969482422|300|0.0|0.0|0.0
2024-12-04 13:38:00-05:00|56.58000183105469|56.58000183105469|56.58000183105469|56.58000183105469|100|0.0|0.0|0.0
2024-12-04 13:46:00-05:00|56.59000015258789|56.59000015258789|56.59000015258789|56.59000015258789|152|0.0|0.0|0.0
2024-12-04 14:04:00-05:00|56.52000045776367|56.52000045776367|56.52000045776367|56.52000045776367|600|0.0|0.0|0.0
2024-12-04 14:14:00-05:00|56.5099983215332|56.5099983215332|56.5099983215332|56.5099983215332|2600|0.0|0.0|0.0
2024-12-04 14:20:00-05:00|56.5|56.5|56.5|56.5|200|0.0|0.0|0.0
2024-12-04 14:36:00-05:00|56.540000915527344|56.540000915527344|56.540000915527344|56.540000915527344|500|0.0|0.0|0.0
2024-12-04 14:45:00-05:00|56.56999969482422|56.56999969482422|56.56999969482422|56.56999969482422|225|0.0|0.0|0.0
2024-12-04 15:00:00-05:00|56.5|56.5|56.5|56.5|100|0.0|0.0|0.0
2024-12-04 15:19:00-05:00|56.54999923706055|56.54999923706055|56.54999923706055|56.54999923706055|100|0.0|0.0|0.0
2024-12-04 15:30:00-05:00|56.54999923706055|56.54999923706055|56.54999923706055|56.54999923706055|200|0.0|0.0|0.0
2024-12-04 15:33:00-05:00|56.54999923706055|56.54999923706055|56.54999923706055|56.54999923706055|400|0.0|0.0|0.0
2024-12-04 15:38:00-05:00|56.560001373291016|56.560001373291016|56.560001373291016|56.560001373291016|100|0.0|0.0|0.0
2024-12-04 15:46:00-05:00|56.56999969482422|56.56999969482422|56.56999969482422|56.56999969482422|900|0.0|0.0|0.0
2024-12-04 15:50:00-05:00|56.61000061035156|56.66999816894531|56.61000061035156|56.66999816894531|1100|0.0|0.0|0.0
2024-12-04 15:52:00-05:00|56.63999938964844|56.63999938964844|56.63999938964844|56.63999938964844|400|0.0|0.0|0.0
2024-12-04 15:57:00-05:00|56.650001525878906|56.650001525878906|56.650001525878906|56.650001525878906|400|0.0|0.0|0.0
2024-12-04 15:58:00-05:00|56.619998931884766|56.619998931884766|56.619998931884766|56.619998931884766|0|0.0|0.0|0.0
2024-12-05 09:30:00-05:00|56.40999984741211|56.40999984741211|56.40999984741211|56.40999984741211|0|0.0|0.0|0.0
2024-12-05 10:00:00-05:00|56.66999816894531|56.66999816894531|56.66999816894531|56.66999816894531|260|0.0|0.0|0.0
2024-12-05 10:14:00-05:00|56.599998474121094|56.599998474121094|56.599998474121094|56.599998474121094|100|0.0|0.0|0.0
2024-12-05 10:29:00-05:00|56.63999938964844|56.63999938964844|56.63999938964844|56.63999938964844|197|0.0|0.0|0.0
2024-12-05 10:56:00-05:00|56.630001068115234|56.630001068115234|56.630001068115234|56.630001068115234|300|0.0|0.0|0.0
2024-12-05 11:06:00-05:00|56.66999816894531|56.66999816894531|56.66999816894531|56.66999816894531|180|0.0|0.0|0.0
2024-12-05 11:29:00-05:00|56.70000076293945|56.70000076293945|56.70000076293945|56.70000076293945|2702|0.0|0.0|0.0
2024-12-05 11:53:00-05:00|56.70000076293945|56.70000076293945|56.70000076293945|56.70000076293945|549|0.0|0.0|0.0
2024-12-05 12:48:00-05:00|56.810001373291016|56.810001373291016|56.810001373291016|56.810001373291016|100|0.0|0.0|0.0
2024-12-05 12:49:00-05:00|56.810001373291016|56.810001373291016|56.810001373291016|56.810001373291016|100|0.0|0.0|0.0
2024-12-05 12:50:00-05:00|56.81999969482422|56.81999969482422|56.81999969482422|56.81999969482422|745|0.0|0.0|0.0
2024-12-05 13:13:00-05:00|56.77000045776367|56.790000915527344|56.77000045776367|56.790000915527344|724|0.0|0.0|0.0
2024-12-05 13:19:00-05:00|56.7599983215332|56.7599983215332|56.7599983215332|56.7599983215332|100|0.0|0.0|0.0
2024-12-05 13:21:00-05:00|56.75|56.779998779296875|56.75|56.779998779296875|1200|0.0|0.0|0.0
2024-12-05 13:25:00-05:00|56.77000045776367|56.77000045776367|56.7599983215332|56.7599983215332|200|0.0|0.0|0.0
2024-12-05 13:36:00-05:00|56.79999923706055|56.79999923706055|56.79999923706055|56.79999923706055|600|0.0|0.0|0.0
2024-12-05 13:49:00-05:00|56.83000183105469|56.83000183105469|56.83000183105469|56.83000183105469|555|0.0|0.0|0.0
2024-12-05 14:51:00-05:00|56.75|56.75|56.75|56.75|700|0.0|0.0|0.0
2024-12-05 14:52:00-05:00|56.7599983215332|56.7599983215332|56.7599983215332|56.7599983215332|200|0.0|0.0|0.0
2024-12-05 15:02:00-05:00|56.7400016784668|56.7400016784668|56.7400016784668|56.7400016784668|100|0.0|0.0|0.0
2024-12-05 15:03:00-05:00|56.72999954223633|56.72999954223633|56.72999954223633|56.72999954223633|200|0.0|0.0|0.0
2024-12-05 15:10:00-05:00|56.7599983215332|56.7599983215332|56.7599983215332|56.7599983215332|331|0.0|0.0|0.0
2024-12-05 15:25:00-05:00|56.75|56.75|56.75|56.75|1300|0.0|0.0|0.0
2024-12-05 15:28:00-05:00|56.720001220703125|56.720001220703125|56.720001220703125|56.720001220703125|200|0.0|0.0|0.0
2024-12-05 15:44:00-05:00|56.709999084472656|56.709999084472656|56.709999084472656|56.709999084472656|200|0.0|0.0|0.0
2024-12-05 15:50:00-05:00|56.75|56.75|56.72999954223633|56.72999954223633|1300|0.0|0.0|0.0
2024-12-05 15:55:00-05:00|56.70000076293945|56.70000076293945|56.70000076293945|56.70000076293945|703|0.0|0.0|0.0
2024-12-05 15:56:00-05:00|56.689998626708984|56.689998626708984|56.689998626708984|56.689998626708984|100|0.0|0.0|0.0
2024-12-06 09:30:00-05:00|56.959999084472656|56.959999084472656|56.959999084472656|56.959999084472656|0|0.0|0.0|0.0
2024-12-06 09:33:00-05:00|57.06999969482422|57.06999969482422|57.06999969482422|57.06999969482422|109|0.0|0.0|0.0
2024-12-06 09:56:00-05:00|56.9900016784668|56.9900016784668|56.9900016784668|56.9900016784668|104|0.0|0.0|0.0
2024-12-06 10:08:00-05:00|57.04999923706055|57.04999923706055|57.04999923706055|57.04999923706055|200|0.0|0.0|0.0
2024-12-06 10:11:00-05:00|57.08000183105469|57.08000183105469|57.08000183105469|57.08000183105469|202|0.0|0.0|0.0
2024-12-06 10:46:00-05:00|57.0|57.0|57.0|57.0|204|0.0|0.0|0.0
2024-12-06 11:09:00-05:00|56.95000076293945|56.95000076293945|56.95000076293945|56.95000076293945|100|0.0|0.0|0.0
2024-12-06 11:36:00-05:00|56.970001220703125|56.970001220703125|56.970001220703125|56.970001220703125|201|0.0|0.0|0.0
2024-12-06 12:08:00-05:00|56.939998626708984|56.939998626708984|56.939998626708984|56.939998626708984|2500|0.0|0.0|0.0
2024-12-06 12:17:00-05:00|56.939998626708984|56.939998626708984|56.939998626708984|56.939998626708984|800|0.0|0.0|0.0
2024-12-06 12:27:00-05:00|56.95000076293945|56.95000076293945|56.95000076293945|56.95000076293945|0|0.0|0.0|0.0
2024-12-06 12:28:00-05:00|56.95000076293945|56.95000076293945|56.95000076293945|56.95000076293945|5565|0.0|0.0|0.0
2024-12-06 12:31:00-05:00|56.90999984741211|56.90999984741211|56.90999984741211|56.90999984741211|100|0.0|0.0|0.0
2024-12-06 12:32:00-05:00|56.93000030517578|56.93000030517578|56.93000030517578|56.93000030517578|470|0.0|0.0|0.0
2024-12-06 12:45:00-05:00|56.900001525878906|56.900001525878906|56.900001525878906|56.900001525878906|312|0.0|0.0|0.0
2024-12-06 13:00:00-05:00|56.88999938964844|56.88999938964844|56.88999938964844|56.88999938964844|500|0.0|0.0|0.0
2024-12-06 13:01:00-05:00|56.900001525878906|56.900001525878906|56.900001525878906|56.900001525878906|850|0.0|0.0|0.0
2024-12-06 13:19:00-05:00|57.0|57.0|57.0|57.0|300|0.0|0.0|0.0
2024-12-06 13:30:00-05:00|56.959999084472656|56.959999084472656|56.959999084472656|56.959999084472656|450|0.0|0.0|0.0
2024-12-06 13:58:00-05:00|56.97999954223633|56.97999954223633|56.97999954223633|56.97999954223633|1054|0.0|0.0|0.0
2024-12-06 14:11:00-05:00|56.900001525878906|56.900001525878906|56.900001525878906|56.900001525878906|2539|0.0|0.0|0.0
2024-12-06 14:39:00-05:00|56.81999969482422|56.81999969482422|56.81999969482422|56.81999969482422|216|0.0|0.0|0.0
2024-12-06 15:02:00-05:00|56.790000915527344|56.790000915527344|56.790000915527344|56.790000915527344|100|0.0|0.0|0.0
2024-12-06 15:30:00-05:00|56.83000183105469|56.83000183105469|56.81999969482422|56.81999969482422|797|0.0|0.0|0.0
2024-12-06 15:40:00-05:00|56.81999969482422|56.81999969482422|56.81999969482422|56.81999969482422|127|0.0|0.0|0.0
2024-12-06 15:59:00-05:00|56.81999969482422|56.81999969482422|56.81999969482422|56.81999969482422|100|0.0|0.0|0.0
2024-12-09 09:30:00-05:00|56.959999084472656|56.959999084472656|56.959999084472656|56.959999084472656|0|0.0|0.0|0.0
2024-12-09 09:50:00-05:00|57.0|57.0|57.0|57.0|300|0.0|0.0|0.0
2024-12-09 09:55:00-05:00|57.029998779296875|57.029998779296875|57.029998779296875|57.029998779296875|801|0.0|0.0|0.0
2024-12-09 10:02:00-05:00|56.97999954223633|56.97999954223633|56.97999954223633|56.97999954223633|181|0.0|0.0|0.0
2024-12-09 10:41:00-05:00|56.939998626708984|56.939998626708984|56.939998626708984|56.939998626708984|200|0.0|0.0|0.0
2024-12-09 10:44:00-05:00|56.92499923706055|56.92499923706055|56.91999816894531|56.91999816894531|205|0.0|0.0|0.0
2024-12-09 10:47:00-05:00|56.849998474121094|56.849998474121094|56.849998474121094|56.849998474121094|160|0.0|0.0|0.0
2024-12-09 10:50:00-05:00|56.79999923706055|56.79999923706055|56.79999923706055|56.79999923706055|276|0.0|0.0|0.0
2024-12-09 10:52:00-05:00|56.810001373291016|56.810001373291016|56.810001373291016|56.810001373291016|200|0.0|0.0|0.0
2024-12-09 10:56:00-05:00|56.75|56.75|56.75|56.75|756|0.0|0.0|0.0
2024-12-09 11:23:00-05:00|56.84000015258789|56.84000015258789|56.84000015258789|56.84000015258789|201|0.0|0.0|0.0
2024-12-09 11:50:00-05:00|56.95000076293945|56.95000076293945|56.95000076293945|56.95000076293945|275|0.0|0.0|0.0
2024-12-09 11:54:00-05:00|56.95000076293945|56.95000076293945|56.95000076293945|56.95000076293945|434|0.0|0.0|0.0
2024-12-09 12:51:00-05:00|56.77000045776367|56.77000045776367|56.77000045776367|56.77000045776367|200|0.0|0.0|0.0
2024-12-09 13:15:00-05:00|56.75|56.75|56.75|56.75|200|0.0|0.0|0.0
2024-12-09 13:18:00-05:00|56.7400016784668|56.7400016784668|56.709999084472656|56.7400016784668|300|0.0|0.0|0.0
2024-12-09 13:30:00-05:00|56.689998626708984|56.689998626708984|56.689998626708984|56.689998626708984|100|0.0|0.0|0.0
2024-12-09 13:48:00-05:00|56.779998779296875|56.779998779296875|56.779998779296875|56.779998779296875|266|0.0|0.0|0.0
2024-12-09 14:40:00-05:00|56.709999084472656|56.709999084472656|56.709999084472656|56.709999084472656|308|0.0|0.0|0.0
2024-12-09 14:53:00-05:00|56.689998626708984|56.689998626708984|56.689998626708984|56.689998626708984|100|0.0|0.0|0.0
2024-12-09 15:28:00-05:00|56.68000030517578|56.68000030517578|56.68000030517578|56.68000030517578|300|0.0|0.0|0.0
2024-12-09 15:50:00-05:00|56.619998931884766|56.63999938964844|56.619998931884766|56.63999938964844|1100|0.0|0.0|0.0
2024-12-09 15:51:00-05:00|56.65999984741211|56.65999984741211|56.650001525878906|56.650001525878906|300|0.0|0.0|0.0
2024-12-09 15:52:00-05:00|56.63999938964844|56.63999938964844|56.63999938964844|56.63999938964844|100|0.0|0.0|0.0
2024-12-10 09:30:00-05:00|56.61000061035156|56.61000061035156|56.61000061035156|56.61000061035156|0|0.0|0.0|0.0
2024-12-10 09:31:00-05:00|56.5099983215332|56.5099983215332|56.5099983215332|56.5099983215332|417|0.0|0.0|0.0
2024-12-10 09:42:00-05:00|56.459999084472656|56.459999084472656|56.459999084472656|56.459999084472656|441|0.0|0.0|0.0
2024-12-10 10:07:00-05:00|56.61000061035156|56.61000061035156|56.61000061035156|56.61000061035156|200|0.0|0.0|0.0
2024-12-10 10:25:00-05:00|56.529998779296875|56.529998779296875|56.529998779296875|56.529998779296875|1001|0.0|0.0|0.0
2024-12-10 10:56:00-05:00|56.619998931884766|56.619998931884766|56.619998931884766|56.619998931884766|400|0.0|0.0|0.0
2024-12-10 11:08:00-05:00|56.59000015258789|56.59000015258789|56.59000015258789|56.59000015258789|286|0.0|0.0|0.0
2024-12-10 11:38:00-05:00|56.529998779296875|56.529998779296875|56.529998779296875|56.529998779296875|100|0.0|0.0|0.0
2024-12-10 11:49:00-05:00|56.45000076293945|56.45000076293945|56.45000076293945|56.45000076293945|440|0.0|0.0|0.0
2024-12-10 11:52:00-05:00|56.45000076293945|56.45000076293945|56.45000076293945|56.45000076293945|100|0.0|0.0|0.0
2024-12-10 13:03:00-05:00|56.40999984741211|56.40999984741211|56.40999984741211|56.40999984741211|100|0.0|0.0|0.0
2024-12-10 13:18:00-05:00|56.459999084472656|56.459999084472656|56.459999084472656|56.459999084472656|200|0.0|0.0|0.0
2024-12-10 13:29:00-05:00|56.459999084472656|56.459999084472656|56.459999084472656|56.459999084472656|3704|0.0|0.0|0.0
2024-12-10 13:54:00-05:00|56.5099983215332|56.5099983215332|56.5099983215332|56.5099983215332|500|0.0|0.0|0.0
2024-12-10 13:57:00-05:00|56.52000045776367|56.52000045776367|56.52000045776367|56.52000045776367|600|0.0|0.0|0.0
2024-12-10 14:18:00-05:00|56.47999954223633|56.47999954223633|56.47999954223633|56.47999954223633|284|0.0|0.0|0.0
2024-12-10 15:05:00-05:00|56.47999954223633|56.47999954223633|56.47999954223633|56.47999954223633|108|0.0|0.0|0.0
2024-12-10 15:09:00-05:00|56.459999084472656|56.470001220703125|56.459999084472656|56.459999084472656|525|0.0|0.0|0.0
2024-12-10 15:18:00-05:00|56.40999984741211|56.40999984741211|56.40999984741211|56.40999984741211|127|0.0|0.0|0.0
2024-12-10 15:23:00-05:00|56.400001525878906|56.400001525878906|56.38999938964844|56.38999938964844|200|0.0|0.0|0.0
2024-12-10 15:30:00-05:00|56.400001525878906|56.400001525878906|56.400001525878906|56.400001525878906|420|0.0|0.0|0.0
2024-12-10 15:32:00-05:00|56.380001068115234|56.380001068115234|56.36000061035156|56.36000061035156|309|0.0|0.0|0.0
2024-12-10 15:33:00-05:00|56.380001068115234|56.380001068115234|56.380001068115234|56.380001068115234|225|0.0|0.0|0.0
2024-12-10 15:40:00-05:00|56.400001525878906|56.400001525878906|56.400001525878906|56.400001525878906|100|0.0|0.0|0.0
2024-12-10 15:43:00-05:00|56.38999938964844|56.38999938964844|56.38999938964844|56.38999938964844|100|0.0|0.0|0.0
2024-12-10 15:45:00-05:00|56.40999984741211|56.40999984741211|56.40999984741211|56.40999984741211|100|0.0|0.0|0.0
2024-12-10 15:46:00-05:00|56.40999984741211|56.40999984741211|56.400001525878906|56.400001525878906|406|0.0|0.0|0.0
2024-12-10 15:52:00-05:00|56.41999816894531|56.41999816894531|56.41999816894531|56.41999816894531|200|0.0|0.0|0.0
2024-12-10 15:55:00-05:00|56.400001525878906|56.400001525878906|56.400001525878906|56.400001525878906|200|0.0|0.0|0.0
2024-12-10 15:59:00-05:00|56.38999938964844|56.38999938964844|56.38999938964844|56.38999938964844|400|0.0|0.0|0.0
2024-12-11 09:30:00-05:00|56.650001525878906|56.650001525878906|56.650001525878906|56.650001525878906|0|0.0|0.0|0.0
2024-12-11 09:45:00-05:00|56.619998931884766|56.619998931884766|56.619998931884766|56.619998931884766|300|0.0|0.0|0.0
2024-12-11 09:50:00-05:00|56.599998474121094|56.599998474121094|56.599998474121094|56.599998474121094|800|0.0|0.0|0.0
2024-12-11 09:54:00-05:00|56.56999969482422|56.56999969482422|56.56999969482422|56.56999969482422|100|0.0|0.0|0.0
2024-12-11 09:57:00-05:00|56.54999923706055|56.54999923706055|56.54999923706055|56.54999923706055|145|0.0|0.0|0.0
2024-12-11 11:03:00-05:00|56.599998474121094|56.599998474121094|56.599998474121094|56.599998474121094|1600|0.0|0.0|0.0
2024-12-11 11:09:00-05:00|56.599998474121094|56.599998474121094|56.599998474121094|56.599998474121094|2900|0.0|0.0|0.0
2024-12-11 11:11:00-05:00|56.630001068115234|56.630001068115234|56.630001068115234|56.630001068115234|100|0.0|0.0|0.0
2024-12-11 11:13:00-05:00|56.630001068115234|56.630001068115234|56.630001068115234|56.630001068115234|200|0.0|0.0|0.0
2024-12-11 11:21:00-05:00|56.630001068115234|56.630001068115234|56.630001068115234|56.630001068115234|228|0.0|0.0|0.0
2024-12-11 12:01:00-05:00|56.689998626708984|56.689998626708984|56.689998626708984|56.689998626708984|200|0.0|0.0|0.0
2024-12-11 12:18:00-05:00|56.63999938964844|56.63999938964844|56.63999938964844|56.63999938964844|200|0.0|0.0|0.0
2024-12-11 12:35:00-05:00|56.650001525878906|56.650001525878906|56.650001525878906|56.650001525878906|100|0.0|0.0|0.0
2024-12-11 12:36:00-05:00|56.630001068115234|56.630001068115234|56.630001068115234|56.630001068115234|250|0.0|0.0|0.0
2024-12-11 12:51:00-05:00|56.66999816894531|56.66999816894531|56.66999816894531|56.66999816894531|205|0.0|0.0|0.0
2024-12-11 13:11:00-05:00|56.70000076293945|56.70000076293945|56.70000076293945|56.70000076293945|200|0.0|0.0|0.0
2024-12-11 13:16:00-05:00|56.720001220703125|56.720001220703125|56.720001220703125|56.720001220703125|3600|0.0|0.0|0.0
2024-12-11 13:19:00-05:00|56.72999954223633|56.72999954223633|56.72999954223633|56.72999954223633|577|0.0|0.0|0.0
2024-12-11 14:25:00-05:00|56.689998626708984|56.689998626708984|56.689998626708984|56.689998626708984|100|0.0|0.0|0.0
2024-12-11 14:41:00-05:00|56.75|56.75|56.75|56.75|100|0.0|0.0|0.0
2024-12-11 15:02:00-05:00|56.779998779296875|56.779998779296875|56.779998779296875|56.779998779296875|200|0.0|0.0|0.0
2024-12-11 15:10:00-05:00|56.779998779296875|56.779998779296875|56.779998779296875|56.779998779296875|1089|0.0|0.0|0.0
2024-12-11 15:13:00-05:00|56.779998779296875|56.779998779296875|56.779998779296875|56.779998779296875|1600|0.0|0.0|0.0
2024-12-11 15:14:00-05:00|56.790000915527344|56.790000915527344|56.790000915527344|56.790000915527344|0|0.0|0.0|0.0
2024-12-11 15:15:00-05:00|56.790000915527344|56.790000915527344|56.790000915527344|56.790000915527344|16955|0.0|0.0|0.0
2024-12-11 15:20:00-05:00|56.75|56.75|56.75|56.75|100|0.0|0.0|0.0
2024-12-11 15:40:00-05:00|56.7400016784668|56.7400016784668|56.7400016784668|56.7400016784668|212|0.0|0.0|0.0
2024-12-11 15:50:00-05:00|56.77000045776367|56.77000045776367|56.7599983215332|56.7599983215332|300|0.0|0.0|0.0
2024-12-12 09:30:00-05:00|56.59000015258789|56.59000015258789|56.5|56.5|0|0.0|0.0|0.0
2024-12-12 09:32:00-05:00|56.400001525878906|56.400001525878906|56.38999938964844|56.38999938964844|321|0.0|0.0|0.0
2024-12-12 09:36:00-05:00|56.349998474121094|56.400001525878906|56.349998474121094|56.400001525878906|433|0.0|0.0|0.0
2024-12-12 10:12:00-05:00|56.33000183105469|56.33000183105469|56.33000183105469|56.33000183105469|266|0.0|0.0|0.0
2024-12-12 10:27:00-05:00|56.29999923706055|56.29999923706055|56.29999923706055|56.29999923706055|570|0.0|0.0|0.0
2024-12-12 10:38:00-05:00|56.349998474121094|56.349998474121094|56.349998474121094|56.349998474121094|115|0.0|0.0|0.0
2024-12-12 10:44:00-05:00|56.279998779296875|56.279998779296875|56.279998779296875|56.279998779296875|309|0.0|0.0|0.0
2024-12-12 10:45:00-05:00|56.2599983215332|56.2599983215332|56.25|56.25|500|0.0|0.0|0.0
2024-12-12 10:48:00-05:00|56.27000045776367|56.27000045776367|56.27000045776367|56.27000045776367|300|0.0|0.0|0.0
2024-12-12 10:52:00-05:00|56.29999923706055|56.29999923706055|56.29999923706055|56.29999923706055|100|0.0|0.0|0.0
2024-12-12 10:57:00-05:00|56.31999969482422|56.31999969482422|56.31999969482422|56.31999969482422|200|0.0|0.0|0.0
2024-12-12 11:00:00-05:00|56.36000061035156|56.36000061035156|56.36000061035156|56.36000061035156|100|0.0|0.0|0.0
2024-12-12 11:03:00-05:00|56.38999938964844|56.38999938964844|56.38999938964844|56.38999938964844|300|0.0|0.0|0.0
2024-12-12 11:08:00-05:00|56.400001525878906|56.400001525878906|56.400001525878906|56.400001525878906|300|0.0|0.0|0.0
2024-12-12 11:10:00-05:00|56.40999984741211|56.40999984741211|56.400001525878906|56.400001525878906|436|0.0|0.0|0.0
2024-12-12 11:12:00-05:00|56.369998931884766|56.369998931884766|56.369998931884766|56.369998931884766|100|0.0|0.0|0.0
2024-12-12 11:14:00-05:00|56.36000061035156|56.36000061035156|56.36000061035156|56.36000061035156|907|0.0|0.0|0.0
2024-12-12 11:52:00-05:00|56.36000061035156|56.36000061035156|56.36000061035156|56.36000061035156|1500|0.0|0.0|0.0
2024-12-12 12:40:00-05:00|56.310001373291016|56.310001373291016|56.310001373291016|56.310001373291016|346|0.0|0.0|0.0
2024-12-12 12:41:00-05:00|56.31999969482422|56.31999969482422|56.31999969482422|56.31999969482422|114|0.0|0.0|0.0
2024-12-12 13:04:00-05:00|56.31999969482422|56.31999969482422|56.31999969482422|56.31999969482422|100|0.0|0.0|0.0
2024-12-12 13:21:00-05:00|56.290000915527344|56.290000915527344|56.290000915527344|56.290000915527344|225|0.0|0.0|0.0
2024-12-12 13:26:00-05:00|56.29999923706055|56.29999923706055|56.29999923706055|56.29999923706055|236|0.0|0.0|0.0
2024-12-12 13:53:00-05:00|56.2599983215332|56.2599983215332|56.2599983215332|56.2599983215332|266|0.0|0.0|0.0
2024-12-12 14:36:00-05:00|56.18000030517578|56.18000030517578|56.18000030517578|56.18000030517578|346|0.0|0.0|0.0
2024-12-12 15:37:00-05:00|56.209999084472656|56.209999084472656|56.209999084472656|56.209999084472656|209|0.0|0.0|0.0
2024-12-12 15:44:00-05:00|56.20000076293945|56.20000076293945|56.20000076293945|56.20000076293945|100|0.0|0.0|0.0
2024-12-12 15:45:00-05:00|56.20000076293945|56.20000076293945|56.20000076293945|56.20000076293945|102|0.0|0.0|0.0
2024-12-13 09:30:00-05:00|56.2400016784668|56.2400016784668|56.150001525878906|56.150001525878906|0|0.0|0.0|0.0
2024-12-13 09:35:00-05:00|56.11000061035156|56.11000061035156|56.099998474121094|56.099998474121094|568|0.0|0.0|0.0
2024-12-13 09:40:00-05:00|56.189998626708984|56.189998626708984|56.189998626708984|56.189998626708984|100|0.0|0.0|0.0
2024-12-13 09:47:00-05:00|56.119998931884766|56.119998931884766|56.119998931884766|56.119998931884766|100|0.0|0.0|0.0
2024-12-13 09:49:00-05:00|56.06999969482422|56.06999969482422|56.06999969482422|56.06999969482422|303|0.0|0.0|0.0
2024-12-13 09:53:00-05:00|56.06999969482422|56.06999969482422|56.06999969482422|56.06999969482422|100|0.0|0.0|0.0
2024-12-13 10:02:00-05:00|56.09000015258789|56.09000015258789|56.09000015258789|56.09000015258789|100|0.0|0.0|0.0
2024-12-13 10:10:00-05:00|56.099998474121094|56.099998474121094|56.099998474121094|56.099998474121094|100|0.0|0.0|0.0
2024-12-13 10:11:00-05:00|56.04999923706055|56.04999923706055|56.04999923706055|56.04999923706055|100|0.0|0.0|0.0
2024-12-13 10:29:00-05:00|56.040000915527344|56.040000915527344|56.040000915527344|56.040000915527344|196|0.0|0.0|0.0
2024-12-13 10:37:00-05:00|56.029998779296875|56.029998779296875|56.029998779296875|56.029998779296875|101|0.0|0.0|0.0
2024-12-13 10:40:00-05:00|56.0|56.0|56.0|56.0|125|0.0|0.0|0.0
2024-12-13 10:41:00-05:00|56.0|56.0|56.0|56.0|465|0.0|0.0|0.0
2024-12-13 10:45:00-05:00|55.97999954223633|55.97999954223633|55.97999954223633|55.97999954223633|100|0.0|0.0|0.0
2024-12-13 10:50:00-05:00|55.95000076293945|55.95000076293945|55.95000076293945|55.95000076293945|100|0.0|0.0|0.0
2024-12-13 10:51:00-05:00|55.93000030517578|55.93000030517578|55.93000030517578|55.93000030517578|1036|0.0|0.0|0.0
2024-12-13 11:03:00-05:00|55.900001525878906|55.900001525878906|55.900001525878906|55.900001525878906|185|0.0|0.0|0.0
2024-12-13 11:10:00-05:00|55.900001525878906|55.900001525878906|55.900001525878906|55.900001525878906|101|0.0|0.0|0.0
2024-12-13 11:27:00-05:00|55.91999816894531|55.91999816894531|55.91999816894531|55.91999816894531|1000|0.0|0.0|0.0
2024-12-13 11:43:00-05:00|56.02000045776367|56.02000045776367|56.02000045776367|56.02000045776367|100|0.0|0.0|0.0
2024-12-13 11:51:00-05:00|56.0099983215332|56.0099983215332|56.0099983215332|56.0099983215332|306|0.0|0.0|0.0
2024-12-13 11:58:00-05:00|56.040000915527344|56.040000915527344|56.040000915527344|56.040000915527344|100|0.0|0.0|0.0
2024-12-13 12:48:00-05:00|55.91999816894531|55.91999816894531|55.91999816894531|55.91999816894531|732|0.0|0.0|0.0
2024-12-13 12:53:00-05:00|55.93000030517578|55.93000030517578|55.93000030517578|55.93000030517578|115|0.0|0.0|0.0
2024-12-13 13:39:00-05:00|56.02000045776367|56.02000045776367|56.02000045776367|56.02000045776367|100|0.0|0.0|0.0
2024-12-13 13:47:00-05:00|56.029998779296875|56.029998779296875|56.029998779296875|56.029998779296875|180|0.0|0.0|0.0
2024-12-13 13:49:00-05:00|56.02000045776367|56.02000045776367|56.02000045776367|56.02000045776367|840|0.0|0.0|0.0
2024-12-13 14:23:00-05:00|56.0099983215332|56.0099983215332|56.0099983215332|56.0099983215332|200|0.0|0.0|0.0
2024-12-13 14:28:00-05:00|56.0099983215332|56.0099983215332|56.0099983215332|56.0099983215332|300|0.0|0.0|0.0
2024-12-13 14:34:00-05:00|55.970001220703125|55.970001220703125|55.970001220703125|55.970001220703125|270|0.0|0.0|0.0
2024-12-13 14:58:00-05:00|56.0|56.0|56.0|56.0|724|0.0|0.0|0.0
2024-12-13 15:29:00-05:00|55.970001220703125|55.970001220703125|55.970001220703125|55.970001220703125|370|0.0|0.0|0.0
2024-12-13 15:41:00-05:00|55.9900016784668|55.9900016784668|55.970001220703125|55.970001220703125|1300|0.0|0.0|0.0
2024-12-13 15:48:00-05:00|55.97999954223633|55.97999954223633|55.97999954223633|55.97999954223633|1100|0.0|0.0|0.0
2024-12-13 15:59:00-05:00|55.97999954223633|55.97999954223633|55.97999954223633|55.97999954223633|400|0.0|0.0|0.0
2024-12-16 09:30:00-05:00|55.939998626708984|55.939998626708984|55.939998626708984|55.939998626708984|0|0.0|0.0|0.0
2024-12-16 09:31:00-05:00|55.939998626708984|55.939998626708984|55.939998626708984|55.939998626708984|124|0.0|0.0|0.0
2024-12-16 09:32:00-05:00|55.869998931884766|55.869998931884766|55.869998931884766|55.869998931884766|277|0.0|0.0|0.0
2024-12-16 09:35:00-05:00|55.869998931884766|55.869998931884766|55.86000061035156|55.86000061035156|600|0.0|0.0|0.0
2024-12-16 09:57:00-05:00|55.97999954223633|55.97999954223633|55.97999954223633|55.97999954223633|264|0.0|0.0|0.0
2024-12-16 10:24:00-05:00|55.79999923706055|55.79999923706055|55.79999923706055|55.79999923706055|113|0.0|0.0|0.0
2024-12-16 10:39:00-05:00|55.849998474121094|55.849998474121094|55.849998474121094|55.849998474121094|18900|0.0|0.0|0.0
2024-12-16 10:50:00-05:00|55.880001068115234|55.880001068115234|55.880001068115234|55.880001068115234|109|0.0|0.0|0.0
2024-12-16 11:28:00-05:00|55.7599983215332|55.7599983215332|55.7599983215332|55.7599983215332|200|0.0|0.0|0.0
2024-12-16 11:34:00-05:00|55.7599983215332|55.7599983215332|55.7599983215332|55.7599983215332|200|0.0|0.0|0.0
2024-12-16 11:51:00-05:00|55.790000915527344|55.790000915527344|55.790000915527344|55.790000915527344|110|0.0|0.0|0.0
2024-12-16 12:04:00-05:00|55.7599983215332|55.7599983215332|55.7599983215332|55.7599983215332|500|0.0|0.0|0.0
2024-12-16 12:25:00-05:00|55.779998779296875|55.779998779296875|55.779998779296875|55.779998779296875|198|0.0|0.0|0.0
2024-12-16 13:29:00-05:00|55.75|55.75|55.75|55.75|401|0.0|0.0|0.0
2024-12-16 13:41:00-05:00|55.77000045776367|55.77000045776367|55.77000045776367|55.77000045776367|100|0.0|0.0|0.0
2024-12-16 13:43:00-05:00|55.779998779296875|55.779998779296875|55.779998779296875|55.779998779296875|100|0.0|0.0|0.0
2024-12-16 13:44:00-05:00|55.779998779296875|55.779998779296875|55.779998779296875|55.779998779296875|100|0.0|0.0|0.0
2024-12-16 14:11:00-05:00|55.7400016784668|55.7400016784668|55.7400016784668|55.7400016784668|2700|0.0|0.0|0.0
2024-12-16 14:15:00-05:00|55.7599983215332|55.7599983215332|55.7599983215332|55.7599983215332|280|0.0|0.0|0.0
2024-12-16 14:30:00-05:00|55.720001220703125|55.720001220703125|55.720001220703125|55.720001220703125|100|0.0|0.0|0.0
2024-12-16 14:32:00-05:00|55.720001220703125|55.720001220703125|55.720001220703125|55.720001220703125|894|0.0|0.0|0.0
2024-12-16 15:24:00-05:00|55.72999954223633|55.72999954223633|55.72999954223633|55.72999954223633|900|0.0|0.0|0.0
2024-12-16 15:44:00-05:00|55.75|55.75|55.75|55.75|100|0.0|0.0|0.0
2024-12-16 15:50:00-05:00|55.7599983215332|55.7599983215332|55.7599983215332|55.7599983215332|807|0.0|0.0|0.0
2024-12-16 15:59:00-05:00|55.755001068115234|55.755001068115234|55.7400016784668|55.7400016784668|1000|0.0|0.0|0.0
2024-12-17 09:30:00-05:00|55.5099983215332|55.5099983215332|55.5|55.5|0|0.0|0.0|0.0
2024-12-17 09:31:00-05:00|55.5|55.5|55.5|55.5|2921|0.0|0.0|0.0
2024-12-17 09:32:00-05:00|55.650001525878906|55.650001525878906|55.650001525878906|55.650001525878906|4200|0.0|0.0|0.0
2024-12-17 09:33:00-05:00|55.63999938964844|55.63999938964844|55.63999938964844|55.63999938964844|200|0.0|0.0|0.0
2024-12-17 09:42:00-05:00|55.54999923706055|55.54999923706055|55.54999923706055|55.54999923706055|300|0.0|0.0|0.0
2024-12-17 10:00:00-05:00|55.70000076293945|55.70000076293945|55.70000076293945|55.70000076293945|118|0.0|0.0|0.0
2024-12-17 10:52:00-05:00|55.68000030517578|55.68000030517578|55.68000030517578|55.68000030517578|100|0.0|0.0|0.0
2024-12-17 10:55:00-05:00|55.63999938964844|55.63999938964844|55.63999938964844|55.63999938964844|1900|0.0|0.0|0.0
2024-12-17 10:59:00-05:00|55.689998626708984|55.689998626708984|55.689998626708984|55.689998626708984|125|0.0|0.0|0.0
2024-12-17 11:05:00-05:00|55.75|55.75|55.75|55.75|100|0.0|0.0|0.0
2024-12-17 11:12:00-05:00|55.75|55.75|55.7400016784668|55.7400016784668|652|0.0|0.0|0.0
2024-12-17 11:34:00-05:00|55.689998626708984|55.689998626708984|55.689998626708984|55.689998626708984|100|0.0|0.0|0.0
2024-12-17 11:43:00-05:00|55.68000030517578|55.68000030517578|55.68000030517578|55.68000030517578|100|0.0|0.0|0.0
2024-12-17 11:44:00-05:00|55.689998626708984|55.689998626708984|55.689998626708984|55.689998626708984|191|0.0|0.0|0.0
2024-12-17 12:06:00-05:00|55.66999816894531|55.66999816894531|55.66999816894531|55.66999816894531|100|0.0|0.0|0.0
2024-12-17 12:10:00-05:00|55.66999816894531|55.66999816894531|55.66999816894531|55.66999816894531|1701|0.0|0.0|0.0
2024-12-17 13:02:00-05:00|55.72999954223633|55.72999954223633|55.72999954223633|55.72999954223633|351|0.0|0.0|0.0
2024-12-17 13:45:00-05:00|55.709999084472656|55.709999084472656|55.709999084472656|55.709999084472656|200|0.0|0.0|0.0
2024-12-17 14:00:00-05:00|55.720001220703125|55.720001220703125|55.720001220703125|55.720001220703125|224|0.0|0.0|0.0
2024-12-17 14:29:00-05:00|55.70000076293945|55.70000076293945|55.70000076293945|55.70000076293945|1302|0.0|0.0|0.0
2024-12-17 14:35:00-05:00|55.720001220703125|55.720001220703125|55.720001220703125|55.720001220703125|500|0.0|0.0|0.0
2024-12-17 14:40:00-05:00|55.689998626708984|55.689998626708984|55.689998626708984|55.689998626708984|509|0.0|0.0|0.0
2024-12-17 15:27:00-05:00|55.709999084472656|55.709999084472656|55.709999084472656|55.709999084472656|200|0.0|0.0|0.0
2024-12-17 15:28:00-05:00|55.689998626708984|55.689998626708984|55.689998626708984|55.689998626708984|300|0.0|0.0|0.0
2024-12-17 15:36:00-05:00|55.75|55.75|55.75|55.75|105|0.0|0.0|0.0
2024-12-17 15:41:00-05:00|55.77000045776367|55.77000045776367|55.77000045776367|55.77000045776367|136|0.0|0.0|0.0
2024-12-17 15:54:00-05:00|55.7599983215332|55.7599983215332|55.7599983215332|55.7599983215332|100|0.0|0.0|0.0
2024-12-17 15:55:00-05:00|55.7400016784668|55.7400016784668|55.7400016784668|55.7400016784668|180|0.0|0.0|0.0
2024-12-17 15:57:00-05:00|55.7599983215332|55.7599983215332|55.7599983215332|55.7599983215332|100|0.0|0.0|0.0
2024-12-17 15:58:00-05:00|55.75|55.75|55.75|55.75|0|0.0|0.0|0.0
2024-12-18 09:30:00-05:00|55.68000030517578|55.68000030517578|55.650001525878906|55.650001525878906|880|0.0|0.0|0.0
2024-12-18 10:56:00-05:00|55.709999084472656|55.709999084472656|55.70000076293945|55.70000076293945|302|0.0|0.0|0.0
2024-12-18 11:18:00-05:00|55.630001068115234|55.630001068115234|55.630001068115234|55.630001068115234|100|0.0|0.0|0.0
2024-12-18 11:28:00-05:00|55.63999938964844|55.63999938964844|55.63999938964844|55.63999938964844|795|0.0|0.0|0.0
2024-12-18 12:02:00-05:00|55.56999969482422|55.56999969482422|55.56999969482422|55.56999969482422|114|0.0|0.0|0.0
2024-12-18 12:07:00-05:00|55.529998779296875|55.529998779296875|55.529998779296875|55.529998779296875|100|0.0|0.0|0.0
2024-12-18 12:23:00-05:00|55.650001525878906|55.650001525878906|55.650001525878906|55.650001525878906|200|0.0|0.0|0.0
2024-12-18 12:34:00-05:00|55.63999938964844|55.63999938964844|55.63999938964844|55.63999938964844|700|0.0|0.0|0.0
2024-12-18 12:49:00-05:00|55.61000061035156|55.61000061035156|55.61000061035156|55.61000061035156|212|0.0|0.0|0.0
2024-12-18 13:15:00-05:00|55.58000183105469|55.58000183105469|55.54999923706055|55.54999923706055|1201|0.0|0.0|0.0
2024-12-18 13:48:00-05:00|55.599998474121094|55.599998474121094|55.599998474121094|55.599998474121094|100|0.0|0.0|0.0
2024-12-18 13:50:00-05:00|55.58000183105469|55.58000183105469|55.58000183105469|55.58000183105469|100|0.0|0.0|0.0
2024-12-18 14:00:00-05:00|55.599998474121094|55.599998474121094|55.58000183105469|55.58000183105469|1889|0.0|0.0|0.0
2024-12-18 14:05:00-05:00|55.5|55.5|55.5|55.5|518|0.0|0.0|0.0
2024-12-18 14:10:00-05:00|55.369998931884766|55.369998931884766|55.349998474121094|55.349998474121094|449|0.0|0.0|0.0
2024-12-18 14:21:00-05:00|55.36000061035156|55.36000061035156|55.36000061035156|55.36000061035156|482|0.0|0.0|0.0
2024-12-18 14:31:00-05:00|55.25|55.25|55.25|55.25|279|0.0|0.0|0.0
2024-12-18 14:56:00-05:00|55.099998474121094|55.099998474121094|55.099998474121094|55.099998474121094|367|0.0|0.0|0.0
2024-12-18 14:57:00-05:00|55.09000015258789|55.09000015258789|55.09000015258789|55.09000015258789|130|0.0|0.0|0.0
2024-12-18 15:12:00-05:00|55.0|55.0|55.0|55.0|367|0.0|0.0|0.0
2024-12-18 15:25:00-05:00|54.970001220703125|54.970001220703125|54.970001220703125|54.970001220703125|752|0.0|0.0|0.0
2024-12-18 15:45:00-05:00|54.43000030517578|54.43000030517578|54.43000030517578|54.43000030517578|586|0.0|0.0|0.0
2024-12-18 15:47:00-05:00|54.47999954223633|54.47999954223633|54.47999954223633|54.47999954223633|400|0.0|0.0|0.0
2024-12-18 15:48:00-05:00|54.560001373291016|54.560001373291016|54.540000915527344|54.540000915527344|653|0.0|0.0|0.0
2024-12-18 15:50:00-05:00|54.540000915527344|54.540000915527344|54.540000915527344|54.540000915527344|140|0.0|0.0|0.0
2024-12-18 15:52:00-05:00|54.61000061035156|54.61000061035156|54.61000061035156|54.61000061035156|200|0.0|0.0|0.0
2024-12-18 15:53:00-05:00|54.599998474121094|54.599998474121094|54.599998474121094|54.599998474121094|182|0.0|0.0|0.0
2024-12-19 09:30:00-05:00|54.689998626708984|54.689998626708984|54.689998626708984|54.689998626708984|0|0.0|0.0|0.0
2024-12-19 09:31:00-05:00|54.599998474121094|54.599998474121094|54.599998474121094|54.599998474121094|253|0.0|0.0|0.0
2024-12-19 09:34:00-05:00|54.720001220703125|54.720001220703125|54.720001220703125|54.720001220703125|100|0.0|0.0|0.0
2024-12-19 09:36:00-05:00|54.68000030517578|54.68000030517578|54.68000030517578|54.68000030517578|200|0.0|0.0|0.0
2024-12-19 09:37:00-05:00|54.650001525878906|54.650001525878906|54.650001525878906|54.650001525878906|100|0.0|0.0|0.0
2024-12-19 09:43:00-05:00|54.56999969482422|54.56999969482422|54.56999969482422|54.56999969482422|150|0.0|0.0|0.0
2024-12-19 09:45:00-05:00|54.5|54.5|54.5|54.5|1105|0.0|0.0|0.0
2024-12-19 10:00:00-05:00|54.439998626708984|54.439998626708984|54.439998626708984|54.439998626708984|100|0.0|0.0|0.0
2024-12-19 10:01:00-05:00|54.439998626708984|54.439998626708984|54.43000030517578|54.43000030517578|1697|0.0|0.0|0.0
2024-12-19 10:22:00-05:00|54.25|54.25|54.25|54.25|101|0.0|0.0|0.0
2024-12-19 10:24:00-05:00|54.29999923706055|54.29999923706055|54.29999923706055|54.29999923706055|300|0.0|0.0|0.0
2024-12-19 10:33:00-05:00|54.2599983215332|54.2599983215332|54.2599983215332|54.2599983215332|115|0.0|0.0|0.0
2024-12-19 10:53:00-05:00|54.29999923706055|54.29999923706055|54.29999923706055|54.29999923706055|100|0.0|0.0|0.0
2024-12-19 11:38:00-05:00|54.45000076293945|54.45000076293945|54.45000076293945|54.45000076293945|115|0.0|0.0|0.0
2024-12-19 11:59:00-05:00|54.2599983215332|54.2599983215332|54.2599983215332|54.2599983215332|377|0.0|0.0|0.0
2024-12-19 12:09:00-05:00|54.2599983215332|54.2599983215332|54.2599983215332|54.2599983215332|155|0.0|0.0|0.0
2024-12-19 12:23:00-05:00|54.189998626708984|54.189998626708984|54.189998626708984|54.189998626708984|205|0.0|0.0|0.0
2024-12-19 12:39:00-05:00|54.20000076293945|54.20000076293945|54.20000076293945|54.20000076293945|100|0.0|0.0|0.0
2024-12-19 13:02:00-05:00|54.2599983215332|54.2599983215332|54.2599983215332|54.2599983215332|111|0.0|0.0|0.0
2024-12-19 13:27:00-05:00|54.310001373291016|54.310001373291016|54.29999923706055|54.29999923706055|305|0.0|0.0|0.0
2024-12-19 13:58:00-05:00|54.45000076293945|54.45000076293945|54.45000076293945|54.45000076293945|100|0.0|0.0|0.0
2024-12-19 14:16:00-05:00|54.279998779296875|54.279998779296875|54.279998779296875|54.279998779296875|117|0.0|0.0|0.0
2024-12-19 14:20:00-05:00|54.279998779296875|54.279998779296875|54.279998779296875|54.279998779296875|116|0.0|0.0|0.0
2024-12-19 14:55:00-05:00|54.25|54.25|54.25|54.25|104|0.0|0.0|0.0
2024-12-19 15:10:00-05:00|54.2400016784668|54.2400016784668|54.2400016784668|54.2400016784668|100|0.0|0.0|0.0
2024-12-19 15:25:00-05:00|54.29999923706055|54.29999923706055|54.29999923706055|54.29999923706055|300|0.0|0.0|0.0
2024-12-19 15:35:00-05:00|54.2599983215332|54.2599983215332|54.2599983215332|54.2599983215332|100|0.0|0.0|0.0
2024-12-19 15:45:00-05:00|54.33000183105469|54.33000183105469|54.33000183105469|54.33000183105469|309|0.0|0.0|0.0
2024-12-19 15:50:00-05:00|54.25|54.25|54.25|54.25|257|0.0|0.0|0.0
2024-12-19 15:59:00-05:00|54.150001525878906|54.150001525878906|54.150001525878906|54.150001525878906|200|0.0|0.0|0.0
2024-12-20 09:31:00-05:00|54.0099983215332|54.0099983215332|54.0|54.0|0|0.0|0.0|0.0
2024-12-20 09:32:00-05:00|54.0|54.0|54.0|54.0|480|0.0|0.0|0.0
2024-12-20 09:33:00-05:00|54.0099983215332|54.0099983215332|54.0099983215332|54.0099983215332|200|0.0|0.0|0.0
2024-12-20 09:45:00-05:00|54.02000045776367|54.02000045776367|54.02000045776367|54.02000045776367|101|0.0|0.0|0.0
2024-12-20 09:50:00-05:00|54.0099983215332|54.0099983215332|54.0099983215332|54.0099983215332|102|0.0|0.0|0.0
2024-12-20 10:16:00-05:00|54.31999969482422|54.31999969482422|54.31999969482422|54.31999969482422|100|0.0|0.0|0.0
2024-12-20 10:32:00-05:00|54.5|54.5|54.5|54.5|1903|0.0|0.0|0.0
2024-12-20 10:35:00-05:00|54.4900016784668|54.4900016784668|54.4900016784668|54.4900016784668|900|0.0|0.0|0.0
2024-12-20 10:37:00-05:00|54.5099983215332|54.5099983215332|54.5099983215332|54.5099983215332|100|0.0|0.0|0.0
2024-12-20 10:38:00-05:00|54.52000045776367|54.52000045776367|54.52000045776367|54.52000045776367|100|0.0|0.0|0.0
2024-12-20 10:41:00-05:00|54.47999954223633|54.47999954223633|54.47999954223633|54.47999954223633|100|0.0|0.0|0.0
2024-12-20 10:52:00-05:00|54.54999923706055|54.54999923706055|54.54999923706055|54.54999923706055|101|0.0|0.0|0.0
2024-12-20 10:56:00-05:00|54.56999969482422|54.56999969482422|54.56999969482422|54.56999969482422|100|0.0|0.0|0.0
2024-12-20 10:59:00-05:00|54.560001373291016|54.560001373291016|54.560001373291016|54.560001373291016|401|0.0|0.0|0.0
2024-12-20 11:07:00-05:00|54.58000183105469|54.58000183105469|54.58000183105469|54.58000183105469|102|0.0|0.0|0.0
2024-12-20 11:12:00-05:00|54.650001525878906|54.650001525878906|54.650001525878906|54.650001525878906|103|0.0|0.0|0.0
2024-12-20 11:20:00-05:00|54.66999816894531|54.66999816894531|54.66999816894531|54.66999816894531|105|0.0|0.0|0.0
2024-12-20 12:01:00-05:00|54.7400016784668|54.7400016784668|54.709999084472656|54.7400016784668|3319|0.0|0.0|0.0
2024-12-20 12:14:00-05:00|54.709999084472656|54.709999084472656|54.709999084472656|54.709999084472656|100|0.0|0.0|0.0
2024-12-20 12:16:00-05:00|54.709999084472656|54.709999084472656|54.709999084472656|54.709999084472656|100|0.0|0.0|0.0
2024-12-20 12:17:00-05:00|54.709999084472656|54.709999084472656|54.709999084472656|54.709999084472656|100|0.0|0.0|0.0
2024-12-20 12:28:00-05:00|54.7400016784668|54.7400016784668|54.7400016784668|54.7400016784668|2500|0.0|0.0|0.0
2024-12-20 12:31:00-05:00|54.70000076293945|54.70000076293945|54.70000076293945|54.70000076293945|209|0.0|0.0|0.0
2024-12-20 13:02:00-05:00|54.70000076293945|54.70000076293945|54.70000076293945|54.70000076293945|923|0.0|0.0|0.0
2024-12-20 13:05:00-05:00|54.70000076293945|54.70000076293945|54.70000076293945|54.70000076293945|893|0.0|0.0|0.0
2024-12-20 13:15:00-05:00|54.689998626708984|54.689998626708984|54.689998626708984|54.689998626708984|700|0.0|0.0|0.0
2024-12-20 13:20:00-05:00|54.65999984741211|54.65999984741211|54.65999984741211|54.65999984741211|130|0.0|0.0|0.0
2024-12-20 13:22:00-05:00|54.619998931884766|54.619998931884766|54.619998931884766|54.619998931884766|200|0.0|0.0|0.0
2024-12-20 13:27:00-05:00|54.630001068115234|54.630001068115234|54.630001068115234|54.630001068115234|120|0.0|0.0|0.0
2024-12-20 13:41:00-05:00|54.599998474121094|54.599998474121094|54.599998474121094|54.599998474121094|101|0.0|0.0|0.0
2024-12-20 13:56:00-05:00|54.70000076293945|54.70000076293945|54.70000076293945|54.70000076293945|300|0.0|0.0|0.0
2024-12-20 14:21:00-05:00|54.7400016784668|54.7400016784668|54.7400016784668|54.7400016784668|100|0.0|0.0|0.0
2024-12-20 14:29:00-05:00|54.77000045776367|54.77000045776367|54.77000045776367|54.77000045776367|500|0.0|0.0|0.0
2024-12-20 14:44:00-05:00|54.79999923706055|54.79999923706055|54.79999923706055|54.79999923706055|750|0.0|0.0|0.0
2024-12-20 14:55:00-05:00|54.7400016784668|54.7400016784668|54.7400016784668|54.7400016784668|215|0.0|0.0|0.0
2024-12-20 15:25:00-05:00|54.59000015258789|54.59000015258789|54.59000015258789|54.59000015258789|100|0.0|0.0|0.0
2024-12-20 15:26:00-05:00|54.58000183105469|54.58000183105469|54.58000183105469|54.58000183105469|100|0.0|0.0|0.0
2024-12-20 15:33:00-05:00|54.5|54.5|54.5|54.5|100|0.0|0.0|0.0
2024-12-20 15:40:00-05:00|54.619998931884766|54.619998931884766|54.619998931884766|54.619998931884766|0|0.0|0.0|0.0
2024-12-20 15:41:00-05:00|54.619998931884766|54.619998931884766|54.619998931884766|54.619998931884766|21691|0.0|0.0|0.0
2024-12-20 15:43:00-05:00|54.59000015258789|54.59000015258789|54.540000915527344|54.59000015258789|797|0.0|0.0|0.0
2024-12-23 09:30:00-05:00|54.5|54.529998779296875|54.5|54.529998779296875|0|0.0|0.0|0.0
2024-12-23 09:40:00-05:00|54.45000076293945|54.45000076293945|54.45000076293945|54.45000076293945|194|0.0|0.0|0.0
2024-12-23 10:08:00-05:00|54.36000061035156|54.36000061035156|54.36000061035156|54.36000061035156|100|0.0|0.0|0.0
2024-12-23 10:42:00-05:00|54.40999984741211|54.40999984741211|54.40999984741211|54.40999984741211|587|0.0|0.0|0.0
2024-12-23 11:01:00-05:00|54.400001525878906|54.400001525878906|54.400001525878906|54.400001525878906|1000|0.0|0.0|0.0
2024-12-23 11:19:00-05:00|54.47999954223633|54.47999954223633|54.47999954223633|54.47999954223633|200|0.0|0.0|0.0
2024-12-23 11:25:00-05:00|54.5099983215332|54.5099983215332|54.5099983215332|54.5099983215332|100|0.0|0.0|0.0
2024-12-23 11:26:00-05:00|54.52000045776367|54.52000045776367|54.52000045776367|54.52000045776367|100|0.0|0.0|0.0
2024-12-23 11:32:00-05:00|54.5099983215332|54.5099983215332|54.5099983215332|54.5099983215332|100|0.0|0.0|0.0
2024-12-23 11:38:00-05:00|54.56999969482422|54.56999969482422|54.56999969482422|54.56999969482422|100|0.0|0.0|0.0
2024-12-23 11:46:00-05:00|54.59000015258789|54.59000015258789|54.59000015258789|54.59000015258789|100|0.0|0.0|0.0
2024-12-23 11:50:00-05:00|54.61000061035156|54.61000061035156|54.61000061035156|54.61000061035156|300|0.0|0.0|0.0
2024-12-23 11:55:00-05:00|54.619998931884766|54.619998931884766|54.619998931884766|54.619998931884766|321|0.0|0.0|0.0
2024-12-23 12:12:00-05:00|54.650001525878906|54.650001525878906|54.650001525878906|54.650001525878906|149|0.0|0.0|0.0
2024-12-23 12:20:00-05:00|54.619998931884766|54.619998931884766|54.619998931884766|54.619998931884766|108|0.0|0.0|0.0
2024-12-23 12:36:00-05:00|54.599998474121094|54.599998474121094|54.599998474121094|54.599998474121094|109|0.0|0.0|0.0
2024-12-23 12:48:00-05:00|54.63999938964844|54.63999938964844|54.63999938964844|54.63999938964844|100|0.0|0.0|0.0
2024-12-23 12:55:00-05:00|54.619998931884766|54.619998931884766|54.61000061035156|54.61000061035156|500|0.0|0.0|0.0
2024-12-23 13:01:00-05:00|54.65999984741211|54.65999984741211|54.65999984741211|54.65999984741211|100|0.0|0.0|0.0
2024-12-23 13:03:00-05:00|54.65999984741211|54.65999984741211|54.65999984741211|54.65999984741211|302|0.0|0.0|0.0
2024-12-23 13:17:00-05:00|54.65999984741211|54.65999984741211|54.65999984741211|54.65999984741211|100|0.0|0.0|0.0
2024-12-23 13:23:00-05:00|54.68000030517578|54.68000030517578|54.68000030517578|54.68000030517578|395|0.0|0.0|0.0
2024-12-23 13:40:00-05:00|54.720001220703125|54.720001220703125|54.720001220703125|54.720001220703125|400|0.0|0.0|0.0
2024-12-23 13:41:00-05:00|54.720001220703125|54.720001220703125|54.720001220703125|54.720001220703125|625|0.0|0.0|0.0
2024-12-23 13:49:00-05:00|54.70000076293945|54.70000076293945|54.70000076293945|54.70000076293945|300|0.0|0.0|0.0
2024-12-23 14:02:00-05:00|54.689998626708984|54.689998626708984|54.689998626708984|54.689998626708984|607|0.0|0.0|0.0
2024-12-23 14:32:00-05:00|54.70000076293945|54.70000076293945|54.70000076293945|54.70000076293945|3300|0.0|0.0|0.0
2024-12-23 15:05:00-05:00|54.68000030517578|54.68000030517578|54.68000030517578|54.68000030517578|200|0.0|0.0|0.0
2024-12-23 15:09:00-05:00|54.65999984741211|54.65999984741211|54.65999984741211|54.65999984741211|275|0.0|0.0|0.0
2024-12-23 15:27:00-05:00|54.70000076293945|54.70000076293945|54.70000076293945|54.70000076293945|400|0.0|0.0|0.0
2024-12-23 15:29:00-05:00|54.709999084472656|54.709999084472656|54.689998626708984|54.689998626708984|200|0.0|0.0|0.0
2024-12-23 15:39:00-05:00|54.72999954223633|54.72999954223633|54.72999954223633|54.72999954223633|109|0.0|0.0|0.0
2024-12-23 15:41:00-05:00|54.7400016784668|54.7400016784668|54.7400016784668|54.7400016784668|100|0.0|0.0|0.0
2024-12-23 15:43:00-05:00|54.77000045776367|54.77000045776367|54.7599983215332|54.7599983215332|202|0.0|0.0|0.0
2024-12-23 15:50:00-05:00|54.79999923706055|54.79999923706055|54.79999923706055|54.79999923706055|100|0.0|0.0|0.0
2024-12-23 15:53:00-05:00|54.810001373291016|54.810001373291016|54.810001373291016|54.810001373291016|100|0.0|0.0|0.0
2024-12-24 09:30:00-05:00|54.77000045776367|54.810001373291016|54.77000045776367|54.810001373291016|0|0.0|0.0|0.0
2024-12-24 09:54:00-05:00|54.790000915527344|54.790000915527344|54.790000915527344|54.790000915527344|500|0.0|0.0|0.0
2024-12-24 09:55:00-05:00|54.7599983215332|54.7599983215332|54.7599983215332|54.7599983215332|280|0.0|0.0|0.0
2024-12-24 10:15:00-05:00|54.88999938964844|54.88999938964844|54.88999938964844|54.88999938964844|200|0.0|0.0|0.0
2024-12-24 10:23:00-05:00|54.93000030517578|54.93000030517578|54.93000030517578|54.93000030517578|1200|0.0|0.0|0.0
2024-12-24 10:29:00-05:00|54.95000076293945|54.95000076293945|54.95000076293945|54.95000076293945|190|0.0|0.0|0.0
2024-12-24 10:53:00-05:00|54.95000076293945|54.95000076293945|54.95000076293945|54.95000076293945|139|0.0|0.0|0.0
2024-12-24 11:19:00-05:00|54.93000030517578|54.93000030517578|54.93000030517578|54.93000030517578|100|0.0|0.0|0.0
2024-12-24 11:51:00-05:00|54.97999954223633|54.97999954223633|54.97999954223633|54.97999954223633|1020|0.0|0.0|0.0
2024-12-24 12:02:00-05:00|54.93000030517578|54.93000030517578|54.93000030517578|54.93000030517578|100|0.0|0.0|0.0
2024-12-24 12:03:00-05:00|54.91999816894531|54.91999816894531|54.91999816894531|54.91999816894531|200|0.0|0.0|0.0
2024-12-24 12:04:00-05:00|54.91999816894531|54.93000030517578|54.91999816894531|54.93000030517578|300|0.0|0.0|0.0
2024-12-24 12:06:00-05:00|54.93000030517578|54.939998626708984|54.93000030517578|54.939998626708984|200|0.0|0.0|0.0
2024-12-24 12:08:00-05:00|54.959999084472656|54.959999084472656|54.959999084472656|54.959999084472656|100|0.0|0.0|0.0
2024-12-24 12:10:00-05:00|54.959999084472656|54.959999084472656|54.959999084472656|54.959999084472656|100|0.0|0.0|0.0
2024-12-24 12:11:00-05:00|54.959999084472656|54.959999084472656|54.959999084472656|54.959999084472656|100|0.0|0.0|0.0
2024-12-24 12:12:00-05:00|54.959999084472656|54.959999084472656|54.959999084472656|54.959999084472656|200|0.0|0.0|0.0
2024-12-24 12:13:00-05:00|54.970001220703125|54.970001220703125|54.970001220703125|54.970001220703125|100|0.0|0.0|0.0
2024-12-24 12:14:00-05:00|54.970001220703125|54.97999954223633|54.970001220703125|54.97999954223633|300|0.0|0.0|0.0
2024-12-24 12:15:00-05:00|54.9900016784668|54.9900016784668|54.9900016784668|54.9900016784668|1800|0.0|0.0|0.0
2024-12-24 12:17:00-05:00|54.97999954223633|54.97999954223633|54.97999954223633|54.97999954223633|100|0.0|0.0|0.0
2024-12-24 12:18:00-05:00|54.97999954223633|54.97999954223633|54.97999954223633|54.97999954223633|100|0.0|0.0|0.0
2024-12-24 12:20:00-05:00|54.97999954223633|54.97999954223633|54.97999954223633|54.97999954223633|200|0.0|0.0|0.0
2024-12-24 12:22:00-05:00|54.9900016784668|54.9900016784668|54.9900016784668|54.9900016784668|300|0.0|0.0|0.0
2024-12-24 12:24:00-05:00|54.9900016784668|54.9900016784668|54.9900016784668|54.9900016784668|100|0.0|0.0|0.0
2024-12-24 12:25:00-05:00|54.97999954223633|54.97999954223633|54.97999954223633|54.97999954223633|100|0.0|0.0|0.0
2024-12-24 12:26:00-05:00|54.9900016784668|54.9900016784668|54.9900016784668|54.9900016784668|100|0.0|0.0|0.0
2024-12-24 12:27:00-05:00|55.0|55.0|55.0|55.0|1373|0.0|0.0|0.0
2024-12-24 12:28:00-05:00|54.9900016784668|54.9900016784668|54.97999954223633|54.97999954223633|300|0.0|0.0|0.0
2024-12-24 12:29:00-05:00|54.97999954223633|54.97999954223633|54.97999954223633|54.97999954223633|100|0.0|0.0|0.0
2024-12-24 12:30:00-05:00|54.970001220703125|54.970001220703125|54.970001220703125|54.970001220703125|100|0.0|0.0|0.0
2024-12-24 12:31:00-05:00|54.959999084472656|54.959999084472656|54.959999084472656|54.959999084472656|100|0.0|0.0|0.0
2024-12-24 12:32:00-05:00|54.95000076293945|54.95000076293945|54.939998626708984|54.939998626708984|200|0.0|0.0|0.0
2024-12-24 12:33:00-05:00|54.93000030517578|54.93000030517578|54.93000030517578|54.93000030517578|250|0.0|0.0|0.0
2024-12-24 12:34:00-05:00|54.90999984741211|54.90999984741211|54.90999984741211|54.90999984741211|100|0.0|0.0|0.0
2024-12-24 12:35:00-05:00|54.90999984741211|54.90999984741211|54.90999984741211|54.90999984741211|100|0.0|0.0|0.0
2024-12-24 12:36:00-05:00|54.90999984741211|54.91999816894531|54.90999984741211|54.91999816894531|200|0.0|0.0|0.0
2024-12-24 12:37:00-05:00|54.939998626708984|54.939998626708984|54.93000030517578|54.93000030517578|900|0.0|0.0|0.0
2024-12-24 12:38:00-05:00|54.939998626708984|54.939998626708984|54.939998626708984|54.939998626708984|100|0.0|0.0|0.0
2024-12-24 12:40:00-05:00|54.939998626708984|54.939998626708984|54.939998626708984|54.939998626708984|100|0.0|0.0|0.0
2024-12-24 12:41:00-05:00|54.939998626708984|54.939998626708984|54.939998626708984|54.939998626708984|100|0.0|0.0|0.0
2024-12-24 12:42:00-05:00|54.939998626708984|54.939998626708984|54.939998626708984|54.939998626708984|200|0.0|0.0|0.0
2024-12-24 12:43:00-05:00|54.939998626708984|54.95000076293945|54.939998626708984|54.95000076293945|400|0.0|0.0|0.0
2024-12-24 12:45:00-05:00|54.959999084472656|54.959999084472656|54.959999084472656|54.959999084472656|100|0.0|0.0|0.0
2024-12-24 12:47:00-05:00|54.970001220703125|54.970001220703125|54.970001220703125|54.970001220703125|200|0.0|0.0|0.0
2024-12-24 12:48:00-05:00|54.95000076293945|54.95000076293945|54.95000076293945|54.95000076293945|100|0.0|0.0|0.0
2024-12-24 12:50:00-05:00|54.95000076293945|54.970001220703125|54.95000076293945|54.970001220703125|600|0.0|0.0|0.0
2024-12-24 12:51:00-05:00|54.97999954223633|54.97999954223633|54.97999954223633|54.97999954223633|100|0.0|0.0|0.0
2024-12-24 12:52:00-05:00|54.970001220703125|54.970001220703125|54.970001220703125|54.970001220703125|500|0.0|0.0|0.0
2024-12-24 12:57:00-05:00|55.0|55.0|55.0|55.0|100|0.0|0.0|0.0
2024-12-24 12:59:00-05:00|55.0099983215332|55.029998779296875|55.0099983215332|55.029998779296875|600|0.0|0.0|0.0
